{"query_key":"ads-meta__default__days_7","page":"ads-meta","query_name":"default","params":{"days":7},"fetched_at":"2026-05-14T02:11:48.577Z","ttl_seconds":900,"row_count":1,"rows":[{"total_spend":215145.58,"total_impressions":3132382,"total_clicks":201172,"avg_ctr":6.422332908310673,"avg_cpm":68.68433671244439,"avg_cpc":1.0694608593641262,"cost_per_ticket":49.68720092378753}]}