{"query_key":"ads-meta__default__days_14","page":"ads-meta","query_name":"default","params":{"days":14},"fetched_at":"2026-05-13T18:03:53.844Z","ttl_seconds":900,"row_count":1,"rows":[{"total_spend":227942.64,"total_impressions":3305967,"total_clicks":212348,"avg_ctr":6.423173613045745,"avg_cpm":68.94885520635869,"avg_cpc":1.073439071712472,"cost_per_ticket":50.42978761061947}]}