{"query_key":"ads-meta__unitEcon__days_14","page":"ads-meta","query_name":"unitEcon","params":{"days":14},"fetched_at":"2026-05-13T19:12:39.480Z","ttl_seconds":900,"row_count":1,"rows":[{"order_count":436,"aov":37.846353211009195,"revenue":16501.010000000002,"total_spend":228203.18,"cpa":523.4017889908257}]}