{"query_key":"ads-meta__default__days_14","page":"ads-meta","query_name":"default","params":{"days":14},"fetched_at":"2026-05-18T16:42:01.013Z","ttl_seconds":900,"row_count":1,"rows":[{"total_spend":212637.88000000003,"total_impressions":2925783,"total_clicks":177072,"avg_ctr":6.052123482842029,"avg_cpm":72.6772559687441,"avg_cpc":1.2008554712207467,"cost_per_ticket":42.106510891089115}]}