{"query_key":"ads-meta__unitEcon__days_14","page":"ads-meta","query_name":"unitEcon","params":{"days":14},"fetched_at":"2026-05-13T18:03:57.296Z","ttl_seconds":900,"row_count":1,"rows":[{"order_count":433,"aov":37.75290993071593,"revenue":16347.01,"total_spend":227942.64,"cpa":526.4264203233257}]}