{"query_key":"ads-meta__unitEcon__days_7","page":"ads-meta","query_name":"unitEcon","params":{"days":7},"fetched_at":"2026-05-14T02:11:51.763Z","ttl_seconds":900,"row_count":1,"rows":[{"order_count":439,"aov":37.710728929384956,"revenue":16555.010000000002,"total_spend":215145.58000000002,"cpa":490.08104783599094}]}