{"query_key":"ads-meta__unitEcon__days_7","page":"ads-meta","query_name":"unitEcon","params":{"days":7},"fetched_at":"2026-05-18T16:42:04.424Z","ttl_seconds":900,"row_count":1,"rows":[{"order_count":423,"aov":38.046430260047295,"revenue":16093.64,"total_spend":212637.88000000003,"cpa":502.690023640662}]}