{"query_key":"ads-meta__default__days_14","page":"ads-meta","query_name":"default","params":{"days":14},"fetched_at":"2026-05-13T19:12:36.382Z","ttl_seconds":900,"row_count":1,"rows":[{"total_spend":228203.18000000002,"total_impressions":3308095,"total_clicks":212419,"avg_ctr":6.421188025132289,"avg_cpm":68.98326075883553,"avg_cpc":1.074306818128322,"cost_per_ticket":50.44278956675509}]}