{"query_key":"attribution__default__days_14","page":"attribution","query_name":"default","params":{"days":14},"fetched_at":"2026-05-13T18:52:47.477Z","ttl_seconds":900,"row_count":1,"rows":[{"total_sales":486,"total_revenue":239219.01,"ticket_revenue":16232.01,"ticket_count":438,"total_spend":227942.64000000004,"total_roas":1.0494702088209558,"ticket_roas":0.0712109414894905}]}