{"query_key":"attribution__default__days_14","page":"attribution","query_name":"default","params":{"days":14},"fetched_at":"2026-05-13T19:15:19.352Z","ttl_seconds":900,"row_count":1,"rows":[{"total_sales":488,"total_revenue":240213.00999999998,"ticket_revenue":16232.01,"ticket_count":438,"total_spend":228203.17999999996,"total_roas":1.0526277942314388,"ticket_roas":0.07112963982359932}]}