{"query_key":"attribution__default__days_30","page":"attribution","query_name":"default","params":{"days":30},"fetched_at":"2026-05-18T16:44:33.496Z","ttl_seconds":900,"row_count":1,"rows":[{"total_sales":489,"total_revenue":261698.64,"ticket_revenue":15716.64,"ticket_count":422,"total_spend":212637.88000000003,"total_roas":1.2307244598187301,"ticket_roas":0.07391270078501534}]}