{"query_key":"attribution__default__days_7","page":"attribution","query_name":"default","params":{"days":7},"fetched_at":"2026-05-14T02:13:31.389Z","ttl_seconds":900,"row_count":1,"rows":[{"total_sales":483,"total_revenue":223991.01,"ticket_revenue":16016.01,"ticket_count":433,"total_spend":215145.58000000002,"total_roas":1.041113696130778,"ticket_roas":0.07444266342817732}]}