{"query_key":"attribution__default__days_14","page":"attribution","query_name":"default","params":{"days":14},"fetched_at":"2026-05-13T18:06:01.114Z","ttl_seconds":900,"row_count":1,"rows":[{"total_sales":486,"total_revenue":239219.01,"ticket_revenue":16232.01,"ticket_count":438,"total_spend":227942.63999999998,"total_roas":1.0494702088209562,"ticket_roas":0.07121094148949052}]}