{"query_key":"email__default__days_14","page":"email","query_name":"default","params":{"days":14},"fetched_at":"2026-05-18T16:44:23.682Z","ttl_seconds":900,"row_count":1,"rows":[{"total_sent":467504,"delivered":446316,"opened":214961,"clicked":1344,"bounced":10064,"unsubscribed":132,"delivery_rate":95.46784626441699,"open_rate":48.16340888518449,"click_rate":0.6252296928280013}]}