{"query_key":"enrollment__default__days_30","page":"enrollment","query_name":"default","params":{"days":30},"fetched_at":"2026-05-14T05:35:35.078Z","ttl_seconds":900,"row_count":1,"rows":[{"total_enrolled":77,"cash_collected":224206,"gross_cash":265100,"refunds":40894,"refund_count":9,"avg_deal_size":3442.857142857143,"refund_rate":11.688311688311687,"roas":0.33899657159957286,"total_spend":661381.32}]}