{"query_key":"enrollment__default__days_14","page":"enrollment","query_name":"default","params":{"days":14},"fetched_at":"2026-05-18T16:41:42.379Z","ttl_seconds":900,"row_count":1,"rows":[{"total_enrolled":274,"cash_collected":2085508,"gross_cash":2423902,"refunds":40894,"refund_count":9,"avg_deal_size":8846.357664233583,"refund_rate":3.2846715328467155,"roas":3.17989122267393,"total_spend":655842.5599999999}]}