{"query_key":"enrollment__default__days_14","page":"enrollment","query_name":"default","params":{"days":14},"fetched_at":"2026-05-14T06:27:45.423Z","ttl_seconds":900,"row_count":1,"rows":[{"total_enrolled":275,"cash_collected":2139258,"gross_cash":2502652,"refunds":40894,"refund_count":9,"avg_deal_size":9100.55272727273,"refund_rate":3.272727272727273,"roas":3.234530421875236,"total_spend":661381.3199999998}]}