{"query_key":"funnel-27__metrics__days_7","page":"funnel-27","query_name":"metrics","params":{"days":7},"fetched_at":"2026-05-18T16:43:05.791Z","ttl_seconds":900,"row_count":1,"rows":[{"ad_spend":212637.88,"page_visits":177072,"total_tickets":312,"vip_upgrades":126,"attendees":209,"calls_booked":187,"cost_per_ticket":681.5316666666666,"ticket_vip_revenue":15108.64,"net_cost_per_ticket":633.1065384615384,"cost_per_booked_call":1137.100962566845,"enrollments":1,"total_cash":17580,"total_contract":17580,"cash_roas":0.08267576783590957,"contract_roas":0.08267576783590957,"cac":212637.88,"prev_ad_spend":202889.41999999998,"prev_page_visits":130206,"prev_total_tickets":329,"prev_vip_upgrades":158,"prev_attendees":156,"prev_calls_booked":192,"prev_cost_per_ticket":616.6851671732522,"prev_ticket_vip_revenue":17119.46,"prev_net_cost_per_ticket":564.6503343465046,"prev_cost_per_booked_call":1056.7157291666665,"prev_enrollments":1,"prev_total_cash":6000,"prev_total_contract":6000,"prev_cash_roas":0.029572759387847827,"prev_contract_roas":0.029572759387847827,"prev_cac":202889.41999999998}]}