{"query_key":"funnel-27__metrics__days_14","page":"funnel-27","query_name":"metrics","params":{"days":14},"fetched_at":"2026-05-13T18:05:08.185Z","ttl_seconds":900,"row_count":1,"rows":[{"ad_spend":227942.64000000007,"page_visits":212348,"total_tickets":294,"vip_upgrades":117,"attendees":189,"calls_booked":161,"cost_per_ticket":775.3151020408166,"ticket_vip_revenue":16347.01,"net_cost_per_ticket":719.7130272108845,"cost_per_booked_call":1415.7927950310564,"enrollments":1,"total_cash":17580,"total_contract":17580,"cash_roas":0.07712466610020835,"contract_roas":0.07712466610020835,"cac":227942.64000000007,"prev_ad_spend":217689.47,"prev_page_visits":106745,"prev_total_tickets":405,"prev_vip_upgrades":193,"prev_attendees":145,"prev_calls_booked":230,"prev_cost_per_ticket":537.5048641975309,"prev_ticket_vip_revenue":20249.09,"prev_net_cost_per_ticket":487.5071111111111,"prev_cost_per_booked_call":946.4759565217391,"prev_enrollments":2,"prev_total_cash":6797,"prev_total_contract":6797,"prev_cash_roas":0.031223375205057,"prev_contract_roas":0.031223375205057,"prev_cac":108844.735}]}