{"query_key":"funnel-27__metrics__days_30","page":"funnel-27","query_name":"metrics","params":{"days":30},"fetched_at":"2026-05-14T02:12:41.847Z","ttl_seconds":900,"row_count":1,"rows":[{"ad_spend":215145.58000000002,"page_visits":201172,"total_tickets":298,"vip_upgrades":120,"attendees":193,"calls_booked":164,"cost_per_ticket":721.965033557047,"ticket_vip_revenue":16555.010000000002,"net_cost_per_ticket":666.4113087248322,"cost_per_booked_call":1311.8632926829268,"enrollments":1,"total_cash":17580,"total_contract":17580,"cash_roas":0.08171211325838067,"contract_roas":0.08171211325838067,"cac":215145.58000000002,"prev_ad_spend":216071.19999999998,"prev_page_visits":112772,"prev_total_tickets":398,"prev_vip_upgrades":192,"prev_attendees":146,"prev_calls_booked":228,"prev_cost_per_ticket":542.8924623115578,"prev_ticket_vip_revenue":20114.09,"prev_net_cost_per_ticket":492.35454773869344,"prev_cost_per_booked_call":947.6807017543858,"prev_enrollments":2,"prev_total_cash":6797,"prev_total_contract":6797,"prev_cash_roas":0.03145722335970736,"prev_contract_roas":0.03145722335970736,"prev_cac":108035.59999999999}]}