{"query_key":"funnel-27__metrics__days_14","page":"funnel-27","query_name":"metrics","params":{"days":14},"fetched_at":"2026-05-13T19:14:27.594Z","ttl_seconds":900,"row_count":1,"rows":[{"ad_spend":228203.18000000002,"page_visits":212419,"total_tickets":295,"vip_upgrades":118,"attendees":192,"calls_booked":161,"cost_per_ticket":773.5701016949154,"ticket_vip_revenue":16501.010000000002,"net_cost_per_ticket":717.6344745762713,"cost_per_booked_call":1417.4110559006212,"enrollments":1,"total_cash":17580,"total_contract":17580,"cash_roas":0.07703661272380165,"contract_roas":0.07703661272380165,"cac":228203.18000000002,"prev_ad_spend":217689.46999999997,"prev_page_visits":106745,"prev_total_tickets":403,"prev_vip_upgrades":193,"prev_attendees":145,"prev_calls_booked":230,"prev_cost_per_ticket":540.1723821339949,"prev_ticket_vip_revenue":20195.09,"prev_net_cost_per_ticket":490.06049627791555,"prev_cost_per_booked_call":946.475956521739,"prev_enrollments":2,"prev_total_cash":6797,"prev_total_contract":6797,"prev_cash_roas":0.031223375205057007,"prev_contract_roas":0.031223375205057007,"prev_cac":108844.73499999999}]}