{"query_key":"journey-explorer__default__days_7","page":"journey-explorer","query_name":"default","params":{"days":7},"fetched_at":"2026-05-14T02:12:56.404Z","ttl_seconds":900,"row_count":1,"rows":[{"tickets":1831,"attended":362,"vip":946,"booked":1202,"calls_done":1202,"enrolled":55,"show_rate":19.770617149098854,"vip_rate":51.66575641725832,"booking_rate":332.0441988950276,"call_show_rate":100,"close_rate":4.575707154742097,"overall_cvr":3.003823047515019}]}