{"query_key":"journey-explorer__default__days_7","page":"journey-explorer","query_name":"default","params":{"days":7},"fetched_at":"2026-05-18T16:43:57.613Z","ttl_seconds":900,"row_count":1,"rows":[{"tickets":1694,"attended":396,"vip":893,"booked":1107,"calls_done":1107,"enrolled":50,"show_rate":23.376623376623375,"vip_rate":52.71546635182999,"booking_rate":279.54545454545456,"call_show_rate":100,"close_rate":4.5167118337850045,"overall_cvr":2.95159386068477}]}