{"query_key":"journey-explorer__default__days_14","page":"journey-explorer","query_name":"default","params":{"days":14},"fetched_at":"2026-05-13T19:14:46.690Z","ttl_seconds":900,"row_count":1,"rows":[{"tickets":1829,"attended":362,"vip":940,"booked":1193,"calls_done":1193,"enrolled":56,"show_rate":19.79223619464188,"vip_rate":51.39420448332422,"booking_rate":329.5580110497238,"call_show_rate":100,"close_rate":4.694048616932104,"overall_cvr":3.06178239475123}]}