{"query_key":"journey-explorer__default__days_14","page":"journey-explorer","query_name":"default","params":{"days":14},"fetched_at":"2026-05-13T18:05:32.711Z","ttl_seconds":900,"row_count":1,"rows":[{"tickets":1829,"attended":359,"vip":940,"booked":1194,"calls_done":1194,"enrolled":56,"show_rate":19.628212137780206,"vip_rate":51.39420448332422,"booking_rate":332.59052924791087,"call_show_rate":100,"close_rate":4.690117252931323,"overall_cvr":3.06178239475123}]}