{"query_key":"sales-team__default__days_14","page":"sales-team","query_name":"default","params":{"days":14},"fetched_at":"2026-05-13T18:52:30.632Z","ttl_seconds":900,"row_count":1,"rows":[{"calls_booked":237,"calls_taken":220,"enrollments":32,"show_rate":92.82700421940928,"close_rate":14.545454545454545,"dpl":1009.3629113924051,"total_cash":239219.01,"total_contracts":239219.01,"ad_spend":175257.97000000006,"cac":5476.811562500002,"roas":1.364953673718804}]}