{"query_key":"sales-team__perRep__days_14","page":"sales-team","query_name":"perRep","params":{"days":14},"fetched_at":"2026-05-13T19:14:59.481Z","ttl_seconds":900,"row_count":4,"rows":[{"closer":"Matt Dakan","calls_booked":129,"calls_taken":123,"show_rate":95.34883720930233,"close_rate":11.38211382113821,"dpl":268.2403100775194,"total_cash":34603,"total_contracts":34603,"ad_spend":175257.97000000006,"cac":12518.426428571433,"roas":0.19744037888833238},{"closer":"Dorian Matney","calls_booked":106,"calls_taken":95,"show_rate":89.62264150943396,"close_rate":18.947368421052634,"dpl":442.6132075471698,"total_cash":46917,"total_contracts":46917,"ad_spend":175257.97000000006,"cac":9736.553888888891,"roas":0.2677025187499318},{"closer":"Colby Mann","calls_booked":1,"calls_taken":1,"show_rate":100,"close_rate":0,"dpl":0,"total_cash":0,"total_contracts":0,"ad_spend":175257.97000000006,"cac":null,"roas":0},{"closer":"David Harley","calls_booked":1,"calls_taken":1,"show_rate":100,"close_rate":0,"dpl":0,"total_cash":0,"total_contracts":0,"ad_spend":175257.97000000006,"cac":null,"roas":0}]}