{"query_key":"sales-team__default__days_7","page":"sales-team","query_name":"default","params":{"days":7},"fetched_at":"2026-05-14T02:13:08.422Z","ttl_seconds":900,"row_count":1,"rows":[{"calls_booked":235,"calls_taken":217,"enrollments":29,"show_rate":92.34042553191489,"close_rate":13.36405529953917,"dpl":953.1532340425532,"total_cash":223991.01,"total_contracts":223991.01,"ad_spend":174663.42,"cac":6022.876551724138,"roas":1.2824151158840242}]}