{"query_key":"sales-team__default__days_14","page":"sales-team","query_name":"default","params":{"days":14},"fetched_at":"2026-05-18T16:44:10.850Z","ttl_seconds":900,"row_count":1,"rows":[{"calls_booked":247,"calls_taken":230,"enrollments":26,"show_rate":93.11740890688259,"close_rate":11.304347826086957,"dpl":1059.5086639676115,"total_cash":261698.64,"total_contracts":261698.64,"ad_spend":161601.90000000002,"cac":6215.457692307693,"roas":1.6194032372144138}]}