{"query_key":"sales-team__default__days_14","page":"sales-team","query_name":"default","params":{"days":14},"fetched_at":"2026-05-13T18:05:41.764Z","ttl_seconds":900,"row_count":1,"rows":[{"calls_booked":236,"calls_taken":219,"enrollments":32,"show_rate":92.79661016949152,"close_rate":14.61187214611872,"dpl":1012.9873305084747,"total_cash":239065.01,"total_contracts":239065.01,"ad_spend":175257.97000000006,"cac":5476.811562500002,"roas":1.3640749690299387}]}