{"query_key":"sales-team__perRep__days_30","page":"sales-team","query_name":"perRep","params":{"days":30},"fetched_at":"2026-05-14T02:13:10.824Z","ttl_seconds":900,"row_count":4,"rows":[{"closer":"Matt Dakan","calls_booked":127,"calls_taken":120,"show_rate":94.48818897637796,"close_rate":10.833333333333334,"dpl":272.6771653543307,"total_cash":34630,"total_contracts":34630,"ad_spend":174663.42,"cac":13435.647692307693,"roas":0.19826704412406443},{"closer":"Dorian Matney","calls_booked":106,"calls_taken":95,"show_rate":89.62264150943396,"close_rate":16.842105263157894,"dpl":357.9622641509434,"total_cash":37944,"total_contracts":37944,"ad_spend":174663.42,"cac":10916.46375,"roas":0.2172406792446867},{"closer":"Colby Mann","calls_booked":1,"calls_taken":1,"show_rate":100,"close_rate":0,"dpl":0,"total_cash":0,"total_contracts":0,"ad_spend":174663.42,"cac":null,"roas":0},{"closer":"David Harley","calls_booked":1,"calls_taken":1,"show_rate":100,"close_rate":0,"dpl":0,"total_cash":0,"total_contracts":0,"ad_spend":174663.42,"cac":null,"roas":0}]}