{"query_key":"war-room__default__days_14","page":"war-room","query_name":"default","params":{"days":14},"fetched_at":"2026-05-13T18:01:51.254Z","ttl_seconds":900,"row_count":2,"rows":[{"period":"previous","gross_revenue":74749.09,"enrollment_revenue":54500,"ticket_revenue":20249.09,"refunds":0,"net_revenue":74749.09,"enrollments":14,"total_spend":217689.4700000001,"total_impressions":2929327,"total_clicks":106745,"roas":0.343374854098363,"cost_per_enrollment":15549.247857142864,"cpb":1105.0226903553305,"cpm":74.31381679136543,"total_calls":197,"closed":42,"no_shows":20,"close_rate":21.31979695431472},{"period":"current","gross_revenue":78584.01000000001,"enrollment_revenue":54782,"ticket_revenue":16347.01,"refunds":0,"net_revenue":78584.01000000001,"enrollments":15,"total_spend":224708.13000000006,"total_impressions":3278324,"total_clicks":211438,"roas":0.3497159181556982,"cost_per_enrollment":14980.542000000005,"cpb":1201.6477540106955,"cpm":68.54360032748443,"total_calls":187,"closed":30,"no_shows":17,"close_rate":16.0427807486631}]}