{"query_key":"war-room__default__days_30","page":"war-room","query_name":"default","params":{"days":30},"fetched_at":"2026-05-14T03:47:54.632Z","ttl_seconds":900,"row_count":2,"rows":[{"period":"previous","gross_revenue":74506.09,"enrollment_revenue":54500,"ticket_revenue":20006.09,"refunds":0,"net_revenue":74506.09,"enrollments":14,"total_spend":216071.2,"total_impressions":2959578,"total_clicks":112772,"roas":0.3448219383240339,"cost_per_enrollment":15433.657142857144,"cpb":1059.172549019608,"cpm":73.0074355195234,"total_calls":204,"closed":45,"no_shows":21,"close_rate":22.058823529411764},{"period":"current","gross_revenue":80699.01000000001,"enrollment_revenue":54782,"ticket_revenue":16474.010000000002,"refunds":0,"net_revenue":80699.01000000001,"enrollments":15,"total_spend":215474.30000000002,"total_impressions":3136231,"total_clicks":201337,"roas":0.3745180283681163,"cost_per_enrollment":14364.953333333335,"cpb":1146.1398936170215,"cpm":68.70485624305098,"total_calls":188,"closed":27,"no_shows":18,"close_rate":14.361702127659576}]}