{"query_key":"war-room__default__days_14","page":"war-room","query_name":"default","params":{"days":14},"fetched_at":"2026-05-13T19:12:03.739Z","ttl_seconds":900,"row_count":2,"rows":[{"period":"previous","gross_revenue":74695.09,"enrollment_revenue":54500,"ticket_revenue":20195.09,"refunds":0,"net_revenue":74695.09,"enrollments":14,"total_spend":217689.47000000015,"total_impressions":2929327,"total_clicks":106745,"roas":0.34312679432771803,"cost_per_enrollment":15549.247857142867,"cpb":1105.0226903553307,"cpm":74.31381679136544,"total_calls":197,"closed":42,"no_shows":20,"close_rate":21.31979695431472},{"period":"current","gross_revenue":78738.01000000001,"enrollment_revenue":54782,"ticket_revenue":16501.010000000002,"refunds":0,"net_revenue":78738.01000000001,"enrollments":15,"total_spend":224709.38000000003,"total_impressions":3278337,"total_clicks":211439,"roas":0.35039930242342354,"cost_per_enrollment":14980.625333333335,"cpb":1201.6544385026739,"cpm":68.54370981384771,"total_calls":187,"closed":30,"no_shows":17,"close_rate":16.0427807486631}]}