{"query_key":"war-room__default__days_30","page":"war-room","query_name":"default","params":{"days":30},"fetched_at":"2026-05-14T02:11:33.688Z","ttl_seconds":900,"row_count":2,"rows":[{"period":"previous","gross_revenue":74614.09,"enrollment_revenue":54500,"ticket_revenue":20114.09,"refunds":0,"net_revenue":74614.09,"enrollments":14,"total_spend":216071.19999999998,"total_impressions":2959578,"total_clicks":112772,"roas":0.34532177356352906,"cost_per_enrollment":15433.657142857142,"cpb":1059.1725490196077,"cpm":73.0074355195234,"total_calls":204,"closed":45,"no_shows":21,"close_rate":22.058823529411764},{"period":"current","gross_revenue":80780.01000000001,"enrollment_revenue":54782,"ticket_revenue":16555.010000000002,"refunds":0,"net_revenue":80780.01000000001,"enrollments":15,"total_spend":214725.87,"total_impressions":3127517,"total_clicks":201003,"roas":0.37620064131070935,"cost_per_enrollment":14315.057999999999,"cpb":1142.1588829787233,"cpm":68.65697932257441,"total_calls":188,"closed":27,"no_shows":18,"close_rate":14.361702127659576}]}