{"query_key":"war-room__default__days_14","page":"war-room","query_name":"default","params":{"days":14},"fetched_at":"2026-05-18T16:41:21.834Z","ttl_seconds":900,"row_count":2,"rows":[{"period":"previous","gross_revenue":229479.46,"stripe_gross_revenue":82501.45999999999,"hyros_nonstripe_revenue":144131,"ghl_nonstripe_revenue":2847,"enrollment_revenue":61500,"ticket_revenue":6400.46,"vip_revenue":11016,"refunds":1902,"net_revenue":227577.46,"enrollments":13,"ticket_count_27":242,"vip_upgrade_count":256,"total_spend":202889.4199999999,"total_impressions":2831784,"total_clicks":130206,"roas":1.1216822444462609,"cost_per_enrollment":15606.878461538454,"cpb":1035.150102040816,"cpm":71.6472089679156,"total_calls":196,"closed":47,"no_shows":22,"close_rate":23.97959183673469,"hyros_revenue":203421.09,"akari_ad_spend":183484.89,"akari_bookings":206,"akari_workshop_bookings":66,"akari_paid_tickets":413,"akari_all_tickets":427,"akari_vip":260,"akari_enrollments":9,"akari_ticket_revenue":18549,"akari_contract_value":0,"akari_cash_collected":0,"sheets_enrollment_count":35,"sheets_contract_value":275500,"hyros_roas":1.108653088545874,"akari_cpbc":890.7033495145632,"akari_cpbc_after_ticket_rev":800.6596601941749,"akari_cpa":5242.425428571429},{"period":"current","gross_revenue":270352.64,"stripe_gross_revenue":73911.64000000001,"hyros_nonstripe_revenue":191272,"ghl_nonstripe_revenue":5169,"enrollment_revenue":40000,"ticket_revenue":5226.640000000001,"vip_revenue":9990,"refunds":13582,"net_revenue":256770.64,"enrollments":7,"ticket_count_27":196,"vip_upgrade_count":221,"total_spend":212637.87999999998,"total_impressions":2925783,"total_clicks":177072,"roas":1.2075489089714402,"cost_per_enrollment":30376.839999999997,"cpb":1042.3425490196078,"cpm":72.67725596874408,"total_calls":204,"closed":24,"no_shows":17,"close_rate":11.76470588235294,"hyros_revenue":261644.64,"akari_ad_spend":161601.89999999997,"akari_bookings":224,"akari_workshop_bookings":96,"akari_paid_tickets":360,"akari_all_tickets":360,"akari_vip":219,"akari_enrollments":10,"akari_ticket_revenue":15633,"akari_contract_value":0,"akari_cash_collected":0,"sheets_enrollment_count":18,"sheets_contract_value":171500,"hyros_roas":1.6190690827273693,"akari_cpbc":721.4370535714285,"akari_cpbc_after_ticket_rev":651.6468749999998,"akari_cpa":8977.883333333331}]}