{"query_key":"workshop__ytd","page":"workshop","query_name":"ytd","params":{},"fetched_at":"2026-05-13T18:04:24.825Z","ttl_seconds":900,"row_count":1,"rows":[{"tickets":3271,"attended":365,"show_rate":11.158667074289209,"vip":1841,"vip_rate":56.282482421277905,"booked":2129,"booking_rate":583.2876712328767,"enrolled":176,"close_rate":50.142450142450144,"enrollment_revenue":963518}]}