{"query_key":"workshop__ytd","page":"workshop","query_name":"ytd","params":{},"fetched_at":"2026-05-13T18:50:49.410Z","ttl_seconds":900,"row_count":1,"rows":[{"tickets":3272,"attended":365,"show_rate":11.15525672371638,"vip":1842,"vip_rate":56.2958435207824,"booked":2129,"booking_rate":583.2876712328767,"enrolled":176,"close_rate":50.142450142450144,"enrollment_revenue":963518}]}