{"query_key":"workshop__ytd","page":"workshop","query_name":"ytd","params":{},"fetched_at":"2026-05-18T16:42:17.744Z","ttl_seconds":900,"row_count":1,"rows":[{"tickets":3321,"attended":402,"show_rate":12.104787714543813,"vip":1870,"vip_rate":56.30834086118639,"booked":2168,"booking_rate":539.3034825870647,"enrolled":176,"close_rate":49.717514124293785,"enrollment_revenue":963518}]}