{"query_key":"workshop__ytd","page":"workshop","query_name":"ytd","params":{},"fetched_at":"2026-05-13T19:12:53.566Z","ttl_seconds":900,"row_count":1,"rows":[{"tickets":3272,"attended":368,"show_rate":11.246943765281173,"vip":1842,"vip_rate":56.2958435207824,"booked":2129,"booking_rate":578.5326086956521,"enrolled":176,"close_rate":50.142450142450144,"enrollment_revenue":963518}]}