{"query_key":"workshop__ytd","page":"workshop","query_name":"ytd","params":{},"fetched_at":"2026-05-14T02:12:02.841Z","ttl_seconds":900,"row_count":1,"rows":[{"tickets":3285,"attended":370,"show_rate":11.263318112633181,"vip":1853,"vip_rate":56.407914764079145,"booked":2141,"booking_rate":578.6486486486486,"enrolled":176,"close_rate":50.28571428571429,"enrollment_revenue":963518}]}